INSERT INTO car_types(id, name) OVERRIDING SYSTEM VALUE VALUES
    (1, 'Sedan'),
    (2, 'Hatchback'),
    (3, 'Combi'),
    (4, 'VAN'),
    (5, 'Minivan'),
    (6, 'Coupe'),
    (7, 'SUV'),
    (8, 'Pick-up'),
    (9, 'Truck'),
    (10, 'Other');

INSERT INTO cars(id, vin, registration_number, brand, model, production_year, mileage, description, type_id) OVERRIDING SYSTEM VALUE VALUES
    (1, 'JT3Z123KBW1589043', 'KR12PR', 'Toyota', 'Avensis', 2014, 123456, 'Some description', 3),
    (2, 'WVWZ321WBK1589044', 'EBEWM10', 'Volkswagen', 'Golf', 2013, 115000, 'Some description', 2),
    (3, 'JHWZ4H795FGU84012', 'WR34OP', 'Honda', 'Accord', 2012, 168546, 'Some description', 1),
    (4, 'WBA86H90021859321', 'ELAS23', 'BMW', 'M5', 2020, 22500, '', 1),
    (5, 'WAU34891024573567', 'KR78L0', 'Audi', 'A4', 2018, 50123, 'Some description', 1),
    (6, 'TMB1234FGH5678910', 'SK123F', 'Skoda', 'Octavia', 2010, 260000, null, 1),
    (7, 'JTR58904GH9480230', 'GWE002H', 'Toyota', 'Corolla', 2005, 282690, 'Some description', 1),
    (8, 'JTW2345O900039001', 'DW349W', 'Toyota', 'Avensis', 2007, 150990, 'Some description', 3),
    (9, 'VF7Z5670999910000', 'LJA346J', 'Citroen', 'C3', 2011, 122000, 'Some description', 2),
    (10, 'VF1F9H9HF3H989890', 'BS45PR', 'Renault', 'Kangoo', 2008, 261459, 'Some description', 4),
    (11, 'WVWFH749388504385', 'DLE21PL', 'Volkswagen', 'Passat', 1998, 358600, 'Some description', 3),
    (12, 'VF1F740000GK99303', 'EPA11XD', 'Renault', 'Traffic', 2020, 15000, 'Some description', 4),
    (13, '5YJ3456JKFD900028', 'GD230P', 'Tesla', 'Model 3', 2019, 36900, null, 1),
    (14, 'W0LA2345670000123', 'ONY33PL', 'Opel', 'Astra', 2015, 88123, 'Some description', 1),
    (15, 'W0L0435993R034999', 'WW11JU', 'Opel', 'Zafira', 2014, 63500, 'Some description', 5),
    (16, 'TMBO0390000012345', 'SH35PR', 'Skoda', 'Superb', 2014, 45200, 'Some description', 1),
    (17, 'KNKOP569002920930', 'SK21RP', 'Kia', 'Ceed', 2012, 123123, null, 3),
    (18, 'TMB67890123456452', 'SC33FT', 'Skoda', 'Fabia', 2008, 231321, 'Some description', 2),
    (19, 'WAU47959HDH900045', 'LJA21BL', 'Audi', 'A3', 2002, 290900, 'Some description', 1),
    (20, '1FBZ121200GHJK123', 'EBE14CC', 'Ford', 'Focus', 2004, 245630, 'Some description', 2),
    (21, 'VSSZ12GD4830J9994', 'WL003R', 'Seat', 'Leon', 2005, 190637, '', 2),
    (22, 'SAL009123FGHHJ002', 'WW89EK', 'Land Rover', 'Range Rover', 2014, 100000, 'Some description', 7),
    (23, 'JNW12300KL8945029', 'WWGH00', 'Nissan', 'Navara', 2010, 155000, 'Some description', 8),
    (24, 'VF1Z123KRH408UH33', 'WS90WQ', 'Renault', 'Scenic', 2009, 210000, 'Some description', 5),
    (25, 'WP0122347650FH44F', 'KR22RT', 'Porsche', 'Carrera', 2006, 269350, 'Some description', 6);

INSERT INTO customers(id, name, surname, phone, address) OVERRIDING SYSTEM VALUE VALUES
    (1, 'Jan', 'Kowalski', '665456987', 'Kaliska 12, Bełchatów'),
    (2, 'Maciej', 'Zalewski', '126434567', 'Warszawska 15, Kraków'),
    (3, 'Aneta', 'Korczyńska', '789456123', 'Miodowa 23, Nysa'),
    (4, 'Rafał', 'Nowak', '654321987', 'Piłsudskiego 20, Warszawa'),
    (5, 'Marta', 'Lewicka', '660369852', 'Antracytowa 56, Kraków'),
    (6, 'Bartosz', 'Lewicki', '721435678', 'Antracytowa 56, Kraków'),
    (7, 'Kamil', 'Kwiatkowski', '620908901', 'Wiśniowa 10, Siedlce'),
    (8, 'Kamila', 'Baran', '567890121', 'Dębowa 10, Częstochowa'),
    (9, 'Magda', 'Kwiatkowska', '500100890', 'Wojska Polskiego 19, Warszawa'),
    (10, 'Jan', 'Kowalski', '882555444', 'Fabryczna 10, Piotrków Trybunalski'),
    (11, 'Jan', 'Nowak', '666555444', 'Kolorowa 79, Łódź'),
    (12, 'Mariusz', 'Drągowski', '789456000', 'Leśna 60, Wrocław'),
    (13, 'Anna', 'Wolska', '802134678', 'Sienkiewicza 2, Bełchatów'),
    (14, 'Aneta', 'Nowak', '620908900', 'Mickiewicza 50, Katowice'),
    (15, 'Adrian', 'Stasiak', '777888999', 'Zielona 33, Janów Lubelski'),
    (16, 'Agnieszka', 'Stasiak', '745966365', 'Topolowa 20, Rzeszów'),
    (17, 'Marcin', 'Wolski', '555444333', 'Lipińskiego 45, Poznań'),
    (18, 'Ireneusz', 'Krzemiński', '888777666', 'Cebulowa 7, Wejherowo'),
    (19, 'Beata', 'Pawlak', '789454987', 'Boczna 120, Katowice'),
    (20, 'Jerzy', 'Mazur', '521321457', 'Zamknięta 1, Suwałki'),
    (21, 'Kacper', 'Lewandowski', '504264111', 'Złota 21, Legnica'),
    (22, 'Bartosz', 'Izdebski', '741852963', 'Pomorska 17, Gdynia'),
    (23, 'Adam', 'Grzanka', '600400900', 'Srebrna 40, Warszawa'),
    (24, 'Anna', 'Kolanko', '852741963', 'Srebrna 40, Warszawa'),
    (25, 'Jacek', 'Górnik', '636696000', 'Obozowa 25, Wrocław');

INSERT INTO customers_cars(id, customers_id, car_id) OVERRIDING SYSTEM VALUE VALUES
    (1, 1, 2),
    (2, 2, 1),
    (3, 3, 14),
    (4, 4, 3),
    (5, 4, 15),
    (6, 5, 5),
    (7, 6, 5),
    (8, 7, 22),
    (9, 7, 23),
    (10, 7, 24),
    (11, 8, 18),
    (12, 9, 21),
    (13, 10, 12),
    (14, 11, 4),
    (15, 12, 8),
    (16, 13, 25),
    (17, 14, 17),
    (18, 14, 6),
    (19, 15, 9),
    (20, 15, 19),
    (21, 16, 9),
    (22, 17, 20),
    (23, 18, 7),
    (24, 19, 16),
    (25, 20, 10),
    (26, 21, 11),
    (27, 22, 13),
    (28, 23, 25),
    (29, 24, 25),
    (30, 25, 8);

INSERT INTO roles(id, name) OVERRIDING SYSTEM VALUE VALUES
    (1, 'admin'),
    (2, 'user');

INSERT INTO accounts(id, login, password, email, login_attempts, registration_date, last_successful_login,
                     last_failed_login, role_id) OVERRIDING SYSTEM VALUE VALUES
    (1, 'admin', '$2y$12$v97WyUOPeTyHw55h4Pm3WeiRyCRfVne8LnFhq7Vg7bRR6b2uWCUoa', 'admin@mail.com', 6,
     '2021-05-24 16:00:00', '2021-05-26 16:00:00', '2021-05-25 16:00:00', 1),
    (2, 'user', '$2y$12$/EGOACr4sihV98Pl6mfjTeFZMI1O6bE1bDpa7UudeKdQIeVFmlQFe', 'user@mail.com', 5,
     '2021-05-24 14:00:00', '2021-05-26 14:00:00', '2021-05-25 14:00:00', 2);
